INSERT INTO tblItemType VALUES
(10, 'Classic Board Games'),
(11, 'Word Games'),
(12, 'Science Fiction and Fantasy'),
(15, 'Mystery and Thrillers'),
(16, 'Romance'),
(17, 'Comedy and Jokes'),
(18, 'Risque and Adult Material'),
(20, 'Office and Team Building');

INSERT INTO tblItem VALUES
('A23441', 'New York City Monopoly Game Collector''s Edition', '$29.95', 10),
('A23771', 'Mysterium', '$132.99', 12),
('A34665', 'Boggle Deluxe 5x5', '$34.95', 10),
('A34882', 'Perudo', '$10.95', 10),
('A45111', 'How to Host a Murder - An Affair to Dismember', '$28.95', 15),
('B67123', 'Tiny Epic Galaxies', '$39.99', 12),
('B67466', 'Diplomacy: Game of Negotiation, Cunning and Deceit.', '$43.95', 20),
('B78244', 'Code Names', '$19.95', 15),
('B78500', 'Pandemic Legacy', '$59.99', 12),
('C26133', 'Knowledge Management: Create a Learning Organization', '$395.95', 20),
('C29179', 'Managing Change: The Game for an Executive Retreat', '$259.95', 20),
('C34122', 'A Game of Strategy, Negotiation and Excitement for Office Retreats', '$169.95', 20);

INSERT INTO tblCustomer VALUES
(00405,	'Barrington',	'Margaret',		'1765 Roundtree Pkwy',		'reno',			'nv',	'89509-1454',	'USA',		'7/12/2006',	'barry@hotmail.com',	7757464561), 
(00625,	'Dao',			'Phong',		'341 West Park',			'Fresno',		'CA',	'96137',		NULL,		'9/2/2015',		'daop@gmail.com',		8582138982),
(06774,	'Phillips',		'Kendall',		'44512 Sawbuck Path',		'SPARKS',		'nv',	'89432',		'USA',		'8/12/2000',	'flipper@gmail.com',	7753324636),
(07831,	'Rodriguez',	'Karen',		'4589 Marthiam',			'Chico',		'CA',	'97111',		NULL,		'11/6/2008',	'rodriguez@aol.com',	8193821828), 
(08892,	'Twillers',		'Bethany',		'P.O.Box 5661',				'san jose',		'ca',	'98123',		'USA',		'4/1/2000',		'twillbeth@yahoo.com',	8098291838), 
(12001,	'Cranston',		'Brittany',		'12 Sandstone',				'Sparks',		'NV',	'89431',		NULL,		'4/12/2014',	'britters@ccb.com',		7753312199), 
(12006,	'Martinez',		'Guadalupe',	'223 North Pinetree Drive',	'Reno',			'NV',	'89511',		NULL,		'2/14/2012',	'gmartinez@ccu.edu',	7758837612), 
(21142,	'Candriller',	'Kathy',		'2 Sedgeway',				'Laguna Beach',	'CA',	'94567',		NULL,		'12/11/2015',	'kriller@mbu.edu',		6198813929), 
(21143,	'Jackson',		'Janice',		'2341 Bramble Bush Drive',	'Sparks',		'NV',	'89431-0112',	NULL,		'5/6/2014',		'jj@isp.all.com',		7753317188), 
(29188,	'Polanski',		'Tiffany',		'5778 Battlemount Ct.',		'RENO',			'NV',	'89507',		NULL,		'8/23/2011',	'skipole@gmail.com',	7757465771), 
(30192,	'Chen',			'Lian',			'2319 Crest Dr',			'REno',			'Nv',	'89503-0113',	NULL,		'8/30/1999',	'jester@here.com',		7757218991), 
(32018,	'Jones',		'Martin',		'10 South Wilders',			'reno',			'nv',	'89503-8912',	'USA',		'2/12/2016',	'mmm@hard.com',			7753314838), 
(32817,	'Foster',		'Ben',			'318 Western Ave',			'SAN diego',	'ca',	'92381',		NULL,		'8/15/1999',	'fosterben@aol.com',	8583284483), 
(38817,	'Argiento',		'Bud',			'1001 Catchway',			'Anaheim',		'CA',	'95113',		NULL,		'3/12/2015',	'bud@cservices.com',	8037718991), 
(78112,	'Guili',		'Mary Anne',	'4457 Meridith St',			'Irvine',		'CA',	'97128',		NULL,		'10/9/2012',	'ma@san.rr.com',		6195621334); 

INSERT INTO tblOrder VALUES
(123000,	'2/2/2016',	'A1',		111,	NULL,					NULL,								NULL,			NULL,	NULL,			00405,	NULL),
(200335,	'1/26/2016',	NULL,		111,	'Cordwin',				'Arch 162 Stamford Brook',			'W6 0SE',		'UK',	441817417500, 	07831,	567123),
(223344,	'2/9/2016',	NULL,		231,	NULL,					NULL,								NULL,			NULL,	NULL,			21142,	NULL),
(300221,	'1/26/2016',	'03',		231,	'Baron Mancos',			'251 Western Avenue Suite 1a',		'08776',		'USA',	2109003005,		07831,	567123),
(400001,	'2/20/2016',	'B3',		111,	NULL,					NULL,								NULL,			NULL,	NULL,			32018,	NULL),
(445511,	'2/15/2016',	'02',		444,	NULL,					NULL,								NULL,			NULL,	NULL,			32018,	NULL),
(450137,	'12/29/2015',	NULL,		444,	'Frandsen LLC',			'435 Caminito Corriente	',			'92129',		'USA',	6551223298,		07831,	NULL),
(567123,	'1/26/2016',	NULL,		444,	'Jenkins Corporation',	'2276 Brentell Street Suite 201',	'92128',		'USA',	8583440669,		07831,	NULL),
(651222,	'1/29/2016',	NULL,		111,	NULL,					NULL,								NULL,			NULL,	NULL,			12006,	NULL),
(671100,	'2/19/2016',	NULL,		111,	NULL,					NULL,								NULL,			NULL,	NULL,			32018,	NULL),
(675990,	'12/28/2015',	NULL,		111,	'Karen Nelson',			'601 Comet View Ct.',				'90056',		'USA',	7018902330,		00625,	892211),
(781206,	'2/15/2016',	'06',		231,	'Carrington-Smythe',	'231 Dulwich St. Wellington',		'TA21 0AB',		'UK',	02088887009, 	38817,	NULL),
(892211,	'12/28/2015',	NULL,		111,	NULL,					NULL,								NULL,			NULL,	NULL,			00625,	NULL),
(980001,	'1/22/2016',	'04',		444,	NULL,					NULL,								NULL,			NULL,	NULL,			78112,	NULL),
(983983,	'2/19/2016',	NULL,		111,	'Ender Industries',		'3011 Marsh Dr.',					'67455',		'USA',	3558992111,		32018,	671100);

INSERT INTO tblOrderLine VALUES
(123000,	'A23441',	8,		'$29.95'),
(123000,	'A34665',	30,		'$37.95'),
(123000,	'B67123',	5,		'$389.99'),
(200335,	'A23441',	1,		'$29.95'),
(200335,	'A34665',	1,		'$34.95'),
(200335,	'B67123',	1,		'$39.99'),
(200335,	'B67466',	1,		'$43.95'),
(223344,	'A23441',	55,		'$29.95'),
(223344,	'A23771',	15,		'$122.99'),
(223344,	'A34665',	100,	'$23.95'),
(223344,	'A34882',	35,		'$7.95'),
(223344,	'B67123',	25,		'$34.95'),
(223344,	'B67466',	15,		'$40.95'),
(300221,	'A23771',	1,		'$145.99'),
(300221,	'A34665',	1,		'$35.95'),
(300221,	'A34882',	1,		'$10.95'),
(300221,	'B67123',	1,		'$39.99'),
(300221,	'B78244',	1,		'$19.95'),
(400001,	'C26133',	1,		'$395.95'),
(445511,	'C34122',	3,		'$269.95'),
(450137,	'A23771',	16,		'$135.99'),
(450137,	'A34665',	10,		'$31.00'),
(450137,	'A34882', 	50,		'$9.95'),
(450137,	'B67123',	21,		'$14.95'),
(450137,	'B67466',	9,		'$41.95'),
(450137,	'C26133',	4,		'$398.95'),
(450137,	'C34122',	6,		'$167.95'),
(567123,	'C26133',	1,		'$395.95'),
(651222,	'A34665',	5,		'$37.95'),
(651222,	'A34882',	16,		'$11.95'),
(651222,	'B78244',	21,		'$17.99'),
(671100,	'C29179',	1,		'$259.95'),
(781206,	'B67466',	1,		'$43.95'),
(781206,	'C29179',	2,		'$280.00'),
(892211,	'C26133',	15,		'$380.00'),
(892211,	'C29179',	10,		'$259.95'),
(892211,	'C34122',	8,		'$200.00'),
(980001,	'C29179',	3,		'$275.99'),
(980001,	'C34122',	2,		'$169.95'),
(983983,	'A23771',	1,		'$135.99'),
(983983,	'B78244',	18,		'$18.95');

INSERT INTO tblItemLocation VALUES
('A23441',10,11),
('A23441',20,23),
('A23441',30,25),
('A23771',10,6),
('A23771',20,4),
('A23771',30,5),
('A34665',10,141),
('A34882',10,40),
('A34882',30,55),
('A45111',10,2),
('A45111',20,3),
('A45111',30,2),
('B67123',10,22),
('B67123',20,28),
('B67123',30,6),
('B67123',40,4),
('B67466',10,0),
('B67466',20,3),
('B67466',30,4),
('B78244',20,22),
('B78500',20,8),
('B78500',30,1),
('C29179',10,15),
('C29179',20,15),
('C34122',10,16),
('C34122',20,21);

INSERT INTO tblShipLine VALUES
('1/19/2016', 450137, 'B67123', 20, 8, 'ups'),
('1/23/2016', 892211, 'C29179', 10, 6, 'UPS'),
('1/23/2016', 892211, 'C34122', 10, 2, 'UPS'),
('1/23/2016', 892211, 'C34122', 20, 3, 'UPS'),
('1/27/2016', 450137, 'B67123', 20, 3, 'UPS'),
('1/27/2016', 450137, 'B67123', 30, 14, 'Ups'),
('1/27/2016', 450137, 'B67123', 40, 4, 'ups'),
('2/5/2016', 300221, 'A23771', 20, 1, 'Ups'),
('2/5/2016', 300221, 'B78244', 20, 1, 'UPS'),
('2/5/2016', 980001, 'C34122', 10, 2, 'FEDEX'),
('2/6/2016', 980001, 'C29179', 10, 3, 'FEDex'),
('2/10/2016', 223344, 'A23441', 10, 3, 'UPS'),
('2/10/2016', 223344, 'A23441', 20, 20, 'UPS'),
('2/10/2016', 223344, 'A23771', 10, 8, 'ups'),
('2/10/2016', 223344, 'A23771', 20, 2, 'UPS'),
('2/10/2016', 223344, 'A34665', 10, 45, 'UPs'),
('2/10/2016', 223344, 'A34882', 10, 15, 'fedEX'),
('2/10/2016', 223344, 'B67123', 10, 13, 'UPS'),
('2/10/2016', 300221, 'A34665', 10, 1, 'UPS'),
('2/11/2016', 223344, 'A23771', 30, 5, 'UPS'),
('2/12/2016', 223344, 'A23441', 20, 5, 'Ups'),
('2/12/2016', 223344, 'A34665', 10, 65, 'ups'),
('2/12/2016', 223344, 'A34882', 10, 20, 'UPS'),
('2/12/2016', 300221, 'A34882', 10, 1, 'UPs'),
('2/15/2016', 123000, 'A23441', 20, 8, 'UPS'),
('2/15/2016', 123000, 'A34665', 10, 32, 'UPS'),
('2/16/2016', 445511, 'C34122', 10, 3, 'FeDEX'),
('2/19/2016', 200335, 'A23441', 20, 6, 'UPS'),
('2/19/2016', 781206, 'B67466', 30, 4, 'Delta Freight'),
('2/20/2016', 300221, 'B67123', 10, 1, 'UpS'),
('2/21/2016', 200335, 'B67466', 10, 1, 'Delta Freight'),
('2/21/2016', 450137, 'A34665', 10, 10, 'FeDeX'),
('2/22/2016', 223344, 'B67123', 10, 12, 'UPS'),
('2/22/2016', 651222, 'A34882', 30, 32, 'UPS'),
('2/22/2016', 892211, 'C29179', 10, 4, 'UPS'),
('2/25/2016', 123000, 'B67123', 10, 5, 'UPS'),
('2/25/2016', 671100, 'C29179', 10, 1, 'UPS'),
('2/29/2016', 651222, 'A34882', 30, 10, 'UPS'),
('3/1/2016', 223344, 'A23771', 30, 30, 'UPS'),
('3/1/2016', 450137, 'B67466', 20, 9, 'FedEx'),
('3/1/2016', 651222, 'A34882', 30, 10, 'UPS'),
('3/2/2016', 450137, 'A34882', 30, 15, 'UpS'),
('3/2/2016', 651222, 'A34665', 10, 2, 'UPS'),
('3/2/2016', 651222, 'A34882', 10, 5, 'UPS'),
('3/4/2016', 651222, 'A34665', 10, 3, 'UPS'),
('3/5/2016', 651222, 'A34882', 10, 10, 'FedEX'),
('3/6/2016', 651222, 'B78244', 20, 21, 'ups'),
('3/19/2016', 651222, 'A34882', 10, 1, 'UPS');

INSERT INTO tblItemCostHistory VALUES
( 'A23441', '1/6/2013', '$10.25'),
( 'A23441', '5/12/2013', '$10.50'),
( 'A23441', '9/23/2014', '$10.88'),
( 'A23441', '7/7/2015', '$11.15'),
( 'A23441', '1/5/2016', '$10.35'),
( 'A23441', '2/2/2016', '$12.50'),
( 'A23771', '7/23/2013', '$8.50'),
( 'A34665', '1/12/2015', '$15.00'),
( 'A34665', '7/15/2015', '$14.50'),
( 'A34665', '12/28/2015', '$14.35'),
( 'A34882', '2/19/2014', '$6.50'),
( 'A34882', '2/5/2016', '$12.50'),
( 'B67123', '8/8/2015', '$14.50'),
( 'B67123', '10/21/2015', '$18.80'),
( 'B67123', '1/10/2016', '$14.50'),
( 'B67123', '2/2/2016', '$21.80'),
( 'B67466', '7/7/2014', '$22.50'),
( 'B67466', '6/28/2015', '$28.90'),
( 'B67466', '9/12/2015', '$31.00'),
( 'B78244', '7/15/2015', '$14.50'),
( 'B78500', '3/21/2015', '$18.95'),
( 'B78500', '7/15/2015', '$18.00'),
( 'B78500', '11/25/2015', '$21.00'),
( 'B78500', '2/10/2016', '$22.35'),
( 'C26133', '7/13/2014', '$200.00'),
( 'C26133', '7/23/2015', '$225.00'),
( 'C26133', '9/18/2015', '$215.00'),
( 'C26133', '2/15/2016', '$212.25'),
( 'C29179', '8/7/2015', '$160.00'),
( 'C29179', '1/17/2016', '$158.85'),
( 'C34122', '2/6/2013', '$45.00'),
( 'C34122', '2/6/2014', '$48.00'),
( 'C34122', '2/6/2015', '$51.00'),
( 'C34122', '2/2/2016', '$58.50');

INSERT INTO tblReview VALUES
('2/12/2016', 1, 'This is the worst company I''ve ever dealt with. They still have not shipped my order and it was placed on January 26. I will never buy anything from them again. Ever.', 200335, 'A34665'),
('2/14/2016', 1, 'I don''t know how this company stays in business. They can''t ship anything on time, and their game selection isn''t all that great', 450137, 'C34122'),
('2/18/2016', 5, 'Shipping was fast, the game was in great shape, and I will order from them again. Highly recommend', 300221, 'A23771'),
('2/16/2016', 4, 'This is one of the few companies that will ship internationally fairly cost effectively. They are slow, but at least shipping isn''t a ridiculous amount.', 223344, 'A23771'),
('1/15/2016', 3, 'They are slow. They overship. They undership. They have the best shipping internationally, but nothing spectacular if you are shipping to the U.S. Buyer beware.', 445511, 'C34122');
