/* Customer Table*/
INSERT INTO Customer VALUES('12','Baird, Conan','mollis@in.ca','(421) 486-3684');
INSERT INTO Customer VALUES('11','Oliver, Emily','aliquet.Phasellus.fermentum@quis.org','(455) 377-0247');
INSERT INTO Customer VALUES('19','Hoffman, Molly','mi.Aliquam@elitpretium.co.uk','(846) 455-7199');
INSERT INTO Customer VALUES('20','Lynn, Lee','neque.pellentesque@dolorQuisquetincidunt.co.uk','(780) 546-4628');
INSERT INTO Customer VALUES('18','Cardenas, Jordan','consectetuer.cursus.et@eget.org','(622) 912-5078');
INSERT INTO Customer VALUES('17','French, Donna','lacus@lorem.co.uk','(632) 134-9107');
INSERT INTO Customer VALUES('16','Lester, Forrest','eu.eros.Nam@hymenaeos.ca','(780) 256-5011');
INSERT INTO Customer VALUES('15','Phelps, Tamekah','molestie@luctusCurabituregestas.net','(770) 446-1118');
INSERT INTO Customer VALUES('14','Reynolds, Octavius','elit@mauris.ca','(447) 603-4833');
INSERT INTO Customer VALUES('21','Casey, Jade','ligula@Nulla.co.uk','(136) 348-5242');
INSERT INTO Customer VALUES('13','Vasquez, Adele','non@ornareliberoat.ca','(450) 562-8528');

/*Model Table*/
INSERT INTO Model VALUES('JCSUV5', 'Jeep Cherokee SUV');
INSERT INTO Model VALUES('JCSUV8', 'Jeep Cherokee SUV Limited');
INSERT INTO Model VALUES('FFS488', 'Ferrari 488 GTB');
INSERT INTO Model VALUES('TT4x45', 'Toyota Tacoma 4x4 5th release');
INSERT INTO Model VALUES('CSUV76', '1976 Chevy SUV');
INSERT INTO Model VALUES('BMWM5', 'BMW M5');
INSERT INTO Model VALUES('TRAIN06', 'Bullet Train 6');
INSERT INTO Model VALUES('TESLA-S', 'Tesla Model S');
INSERT INTO Model VALUES('TESLA-3', 'Tesla Model 3');
INSERT INTO Model VALUES('SHELBY500-7', 'Ford Mustang Shelby GT500');

/*Distributor Table*/
INSERT INTO Distributor VALUES('500','Fringilla Toys Limited');
INSERT INTO Distributor VALUES('501','Donec Toy Institute');
INSERT INTO Distributor VALUES('502','Vitae Erat Toys Ltd');
INSERT INTO Distributor VALUES('503','Aenean Egestas Hendrerit Toys Limited');
INSERT INTO Distributor VALUES('504','Id Toys Ltd');
INSERT INTO Distributor VALUES('505','Arcu Et Pede Toys And Associates');
INSERT INTO Distributor VALUES('506','Lobortis Toy Industries');
INSERT INTO Distributor VALUES('507','Mus Donec Toy Consulting');
INSERT INTO Distributor VALUES('508','Eleifend Toy Corp.');
INSERT INTO Distributor VALUES('509','Hendrerit Donec Toy Company');
INSERT INTO Distributor VALUES('510','Orci Toy Institute');
INSERT INTO Distributor VALUES('511','Non Arcu Vivamus Toy Industries');
INSERT INTO Distributor VALUES('512','Sed Malesuada Toy Foundation');
INSERT INTO Distributor VALUES('513','Donec Toys Incorporated');
INSERT INTO Distributor VALUES('514','Lacinia Mattis Toys Inc.');
INSERT INTO Distributor VALUES('515','Eros Toy Foundation');
INSERT INTO Distributor VALUES('516','Nunc Toy Corporation');
INSERT INTO Distributor VALUES('517','Arcu Toy Corp.');
INSERT INTO Distributor VALUES('518','Nullam Toy LLP');
INSERT INTO Distributor VALUES('519','Vulputate Toy Foundation');
INSERT INTO Distributor VALUES('520','Sed Dui Toy Ltd');
INSERT INTO Distributor VALUES('521','Ac Toy Foundation');
INSERT INTO Distributor VALUES('522','Lacus Toy Associates');
INSERT INTO Distributor VALUES('523','Proin Toys Inc.');
INSERT INTO Distributor VALUES('524','Claremont Toy World');
INSERT INTO Distributor VALUES('525','Toys "R" Us Inc.');

/*Toy Table*/
INSERT INTO Toy VALUES('16071108-8336','JCSUV5');
INSERT INTO Toy VALUES('16710601-2524','JCSUV8');
INSERT INTO Toy VALUES('16980103-2310','FFS488');
INSERT INTO Toy VALUES('16031001-7322','TT4x45');
INSERT INTO Toy VALUES('16860922-9284','CSUV76');
INSERT INTO Toy VALUES('16021105-9779','BMWM5');
INSERT INTO Toy VALUES('16030210-0821','TRAIN06');
INSERT INTO Toy VALUES('16170710-3444','TESLA-S');
INSERT INTO Toy VALUES('16270501-9814','TESLA-3');
INSERT INTO Toy VALUES('16810402-6250','SHELBY500-7');
INSERT INTO Toy VALUES('16531123-1426','JCSUV5');
INSERT INTO Toy VALUES('16271114-8987','JCSUV8');
INSERT INTO Toy VALUES('16240419-8737','FFS488');
INSERT INTO Toy VALUES('16790605-6903','TT4x45');
INSERT INTO Toy VALUES('16420618-3560','CSUV76');
INSERT INTO Toy VALUES('16101030-8474','BMWM5');
INSERT INTO Toy VALUES('16530829-0252','TRAIN06');
INSERT INTO Toy VALUES('16620930-7203','TESLA-S');
INSERT INTO Toy VALUES('16880504-0949','TESLA-3');
INSERT INTO Toy VALUES('16021109-0477','SHELBY500-7');
INSERT INTO Toy VALUES('16040313-2087','JCSUV5');
INSERT INTO Toy VALUES('16851017-0114','JCSUV8');
INSERT INTO Toy VALUES('16430109-5537','FFS488');
INSERT INTO Toy VALUES('16720221-2341','TT4x45');
INSERT INTO Toy VALUES('16811225-1940','CSUV76');
INSERT INTO Toy VALUES('16631204-5963','BMWM5');
INSERT INTO Toy VALUES('16670720-9877','TRAIN06');
INSERT INTO Toy VALUES('16530322-3407','TESLA-S');
INSERT INTO Toy VALUES('16311120-8348','TESLA-3');
INSERT INTO Toy VALUES('16010902-3507','SHELBY500-7');
INSERT INTO Toy VALUES('16260906-5475','JCSUV5');
INSERT INTO Toy VALUES('16900610-9525','JCSUV8');
INSERT INTO Toy VALUES('16380709-5017','FFS488');
INSERT INTO Toy VALUES('16050921-6966','TT4x45');


/*Registration Table*/
INSERT INTO Registration VALUES('10062110','11','16071108-8336','2015-11-25','412.81','Advertisement in print','Parent','7','M','No','501');
INSERT INTO Registration VALUES('10062111','11','16710601-2524','2015-11-30','872.75','Advertisement in print','Parent','13','F','No','515');
INSERT INTO Registration VALUES('10062112','12','16710601-2524','2015-11-17','788.68','Advertisement in print','Parent','7','M','Don''t Know','512');
INSERT INTO Registration VALUES('10062113','12','16710601-2524','2016-01-04','618.8','Advertisement on the web','Parent','14','M','Yes','520');
INSERT INTO Registration VALUES('10062114','13','16980103-2310','2016-01-30','705.51','Advertisement on the web','Parent','9','M','Yes','525');
INSERT INTO Registration VALUES('10062115','13','16980103-2310','2015-12-20','843.75','Advertisement on the web','Parent','10','F','Don''t Know','519');
INSERT INTO Registration VALUES('10062116','18','16031001-7322','2016-01-26','733.62','Advertisement on the web','Grandparent','5','F','Yes','515');
INSERT INTO Registration VALUES('10062117','18','16860922-9284','2016-01-25','927.71','Advertisement on the web','Grandparent','12','M','No','505');
INSERT INTO Registration VALUES('10062118','15','16021105-9779','2015-12-05','324.89','Advertisement on the web','Grandparent','5','M','No','521');
INSERT INTO Registration VALUES('10062119','15','16030210-0821','2015-12-30','878.14','Advertisement on TV','Grandparent','11','F','Don''t Know','503');
INSERT INTO Registration VALUES('10062120','16','16030210-0821','2015-12-07','753.15','Advertisement on TV','Aunt/Uncle','11','M','Yes','502');
INSERT INTO Registration VALUES('10062121','16','16170710-3444','2016-01-26','771.04','Advertisement on TV','Aunt/Uncle','7','M','Yes','525');
INSERT INTO Registration VALUES('10062122','13','16270501-9814','2015-12-25','595.54','Advertisement on TV','Other Relative','6','M','Don''t Know','524');
INSERT INTO Registration VALUES('10062123','13','16810402-6250','2016-01-16','334.44','Advertisement on TV','Other Relative','7','F','Yes','501');
INSERT INTO Registration VALUES('10062124','18','16531123-1426','2015-11-23','676.57','Advertisement on TV','Other','15','F','No','510');
INSERT INTO Registration VALUES('10062125','18','16271114-8987','2015-11-03','486.6','Friend’s recommendation','Other','9','M','No','518');
INSERT INTO Registration VALUES('10062126','19','16240419-8737','2015-11-04','332.15','Friend’s recommendation','Parent','10','M','Don''t Know','520');
INSERT INTO Registration VALUES('10062127','19','16790605-6903','2015-11-13','902.34','Friend’s recommendation','Parent','7','F','Yes','514');
INSERT INTO Registration VALUES('10062128','20','16790605-6903','2016-01-23','307.44','In-store display','Parent','8','M','Yes','521');
INSERT INTO Registration VALUES('10062129','20','16420618-3560','2016-01-25','611.55','In-store display','Parent','15','M','Don''t Know','517');
INSERT INTO Registration VALUES('10062130','20','16101030-8474','2015-12-27','391.48','In-store display','Parent','8','M','Yes','507');
INSERT INTO Registration VALUES('10062131','20','16530829-0252','2015-12-21','530.18','Catalog','Parent','5','F','No','525');
INSERT INTO Registration VALUES('10062132','20','16530829-0252','2016-01-28','733.41','Catalog','Grandparent','8','F','No','519');
INSERT INTO Registration VALUES('10062133','20','16620930-7203','2016-01-17','433.94','Catalog','Grandparent','10','M','Don''t Know','505');
INSERT INTO Registration VALUES('10062134','11','16880504-0949','2016-01-15','420.74','Other','Grandparent','13','M','Yes','506');
INSERT INTO Registration VALUES('10062135','11','16021109-0477','2015-11-14','644.17','Other','Grandparent','7','F','Yes','501');
INSERT INTO Registration VALUES('10062136','12','16040313-2087','2015-12-23','551.74','Other','Aunt/Uncle','13','M','Don''t Know','505');
INSERT INTO Registration VALUES('10062137','12','16040313-2087','2015-12-03','633.77','Advertisement in print','Aunt/Uncle','15','M','Yes','507');
INSERT INTO Registration VALUES('10062138','13','16851017-0114','2015-11-23','566.74','Advertisement in print','Other Relative','13','M','No','523');
INSERT INTO Registration VALUES('10062139','13','16430109-5537','2015-12-13','380.71','Advertisement in print','Other Relative','5','F','No','502');
INSERT INTO Registration VALUES('10062140','18','16311120-8348','2015-11-14','868.04','Advertisement on the web','Other','15','F','Don''t Know','519');
INSERT INTO Registration VALUES('10062141','18','16010902-3507','2015-11-03','636.69','Advertisement on the web','Other','5','M','Yes','501');
INSERT INTO Registration VALUES('10062142','15','16260906-5475','2015-11-23','566.19','Advertisement on the web','Parent','10','M','Yes','509');
INSERT INTO Registration VALUES('10062143','15','16900610-9525','2016-01-06','702.88','Advertisement on the web','Parent','8','F','Don''t Know','520');
INSERT INTO Registration VALUES('10062144','16','16380709-5017','2016-01-22','802.47','Advertisement on the web','Parent','14','M','Yes','522');
INSERT INTO Registration VALUES('10062145','16','16050921-6966','2016-01-07','562.26','Advertisement on the web','Parent','5','M','No','509');
INSERT INTO Registration VALUES('10062146','13','16071108-8336','2015-12-06','980.13','Advertisement on TV','Parent','9','M','No','518');
INSERT INTO Registration VALUES('10062147','13','16710601-2524','2015-12-24','388.46','Advertisement on TV','Parent','14','F','Don''t Know','523');
INSERT INTO Registration VALUES('10062148','18','16710601-2524','2015-11-21','904.56','Advertisement on TV','Grandparent','5','F','Yes','521');
INSERT INTO Registration VALUES('10062149','18','16710601-2524','2015-11-20','566.57','Advertisement on TV','Grandparent','14','M','Yes','516');
INSERT INTO Registration VALUES('10062150','19','16980103-2310','2015-12-21','416.78','Advertisement on TV','Grandparent','6','M','Don''t Know','523');
INSERT INTO Registration VALUES('10062151','19','16980103-2310','2015-12-26','983.05','Advertisement on TV','Grandparent','15','F','Yes','511');
INSERT INTO Registration VALUES('10062152','20','16031001-7322','2015-12-20','658.55','Friend’s recommendation','Aunt/Uncle','5','M','No','509');
INSERT INTO Registration VALUES('10062153','20','16860922-9284','2015-11-13','657.9','Friend’s recommendation','Aunt/Uncle','13','M','No','520');
INSERT INTO Registration VALUES('10062154','20','16021105-9779','2015-11-09','764.71','Friend’s recommendation','Other Relative','15','M','Don''t Know','507');
INSERT INTO Registration VALUES('10062155','20','16030210-0821','2015-11-11','533.24','In-store display','Other Relative','13','F','Yes','502');
INSERT INTO Registration VALUES('10062156','20','16030210-0821','2015-11-30','428.68','In-store display','Other','8','F','Yes','509');
INSERT INTO Registration VALUES('10062157','20','16170710-3444','2016-01-13','677.23','In-store display','Other','11','M','Don''t Know','521');
INSERT INTO Registration VALUES('10062158','11','16270501-9814','2015-11-06','538.17','Catalog','Parent','13','M','Yes','525');
INSERT INTO Registration VALUES('10062159','11','16810402-6250','2016-01-29','523.37','Catalog','Parent','14','F','No','503');
INSERT INTO Registration VALUES('10062160','12','16531123-1426','2016-01-04','386.12','Catalog','Parent','11','M','No','517');
INSERT INTO Registration VALUES('10062161','12','16271114-8987','2015-11-04','750.88','Other','Parent','5','M','Don''t Know','522');
INSERT INTO Registration VALUES('10062162','13','16240419-8737','2015-12-10','997.45','Other','Parent','5','M','Yes','502');
INSERT INTO Registration VALUES('10062163','13','16790605-6903','2015-11-08','308.66','Other','Parent','11','F','Yes','507');
INSERT INTO Registration VALUES('10062164','18','16790605-6903','2016-01-21','683.16','Advertisement in print','Grandparent','10','F','Don''t Know','518');
INSERT INTO Registration VALUES('10062165','18','16420618-3560','2016-01-17','390.78','Advertisement in print','Grandparent','9','M','Yes','521');
INSERT INTO Registration VALUES('10062166','15','16101030-8474','2016-01-04','673.12','Advertisement in print','Grandparent','7','M','No','508');
INSERT INTO Registration VALUES('10062167','15','16530829-0252','2016-01-11','983.22','Advertisement on the web','Grandparent','9','F','No','525');
INSERT INTO Registration VALUES('10062168','16','16530829-0252','2016-01-23','804.55','Advertisement on the web','Aunt/Uncle','9','M','Don''t Know','515');
INSERT INTO Registration VALUES('10062169','16','16620930-7203','2016-01-24','840.9','Advertisement on the web','Aunt/Uncle','8','M','Yes','502');
INSERT INTO Registration VALUES('10062170','13','16880504-0949','2016-01-13','775.21','Advertisement on the web','Other Relative','15','M','Yes','519');
INSERT INTO Registration VALUES('10062171','13','16021109-0477','2015-12-17','313.85','Advertisement on the web','Other Relative','10','F','Don''t Know','504');
INSERT INTO Registration VALUES('10062172','18','16040313-2087','2015-11-24','390.87','Advertisement on the web','Other','6','F','Yes','503');
INSERT INTO Registration VALUES('10062173','18','16040313-2087','2015-11-14','770.57','Advertisement on TV','Other','6','M','No','508');
INSERT INTO Registration VALUES('10062174','19','16851017-0114','2016-01-01','810.36','Advertisement on TV','Parent','9','M','No','515');
INSERT INTO Registration VALUES('10062175','19','16430109-5537','2015-11-27','376.06','Advertisement on TV','Parent','11','F','Don''t Know','509');
INSERT INTO Registration VALUES('10062176','20','16311120-8348','2015-12-07','901.77','Advertisement on TV','Parent','10','M','Yes','504');
INSERT INTO Registration VALUES('10062177','20','16010902-3507','2015-11-20','674.08','Advertisement on TV','Parent','13','M','Yes','514');
INSERT INTO Registration VALUES('10062178','20','16260906-5475','2015-11-17','716.24','Advertisement on TV','Parent','12','M','Don''t Know','507');



INSERT INTO Feature VALUES( '201', 'Type of toy (car, jeep, etc.)');
INSERT INTO Feature VALUES( '202', 'Size');
INSERT INTO Feature VALUES( '203', 'Color');
INSERT INTO Feature VALUES( '204', 'Speed');
INSERT INTO Feature VALUES( '205', 'Quality of design');
INSERT INTO Feature VALUES( '206', 'Level of replication from original');
INSERT INTO Feature VALUES( '207', 'Safety features');
INSERT INTO Feature VALUES( '208', 'Cost');
INSERT INTO Feature VALUES( '209', 'Sound features');
INSERT INTO Feature VALUES( '210', 'Other')
INSERT INTO Feature VALUES( '211', 'Laser turrets');


INSERT INTO RegistrationFeature VALUES('03010','210','10062110')
INSERT INTO RegistrationFeature VALUES('03011','204','10062111')
INSERT INTO RegistrationFeature VALUES('03012','201','10062112')
INSERT INTO RegistrationFeature VALUES('03013','209','10062112')
INSERT INTO RegistrationFeature VALUES('03014','202','10062113')
INSERT INTO RegistrationFeature VALUES('03015','201','10062114')
INSERT INTO RegistrationFeature VALUES('03016','202','10062114')
INSERT INTO RegistrationFeature VALUES('03017','208','10062114')
INSERT INTO RegistrationFeature VALUES('03018','206','10062115')
INSERT INTO RegistrationFeature VALUES('03019','210','10062115')
INSERT INTO RegistrationFeature VALUES('03020','205','10062116')
INSERT INTO RegistrationFeature VALUES('03021','201','10062117')
INSERT INTO RegistrationFeature VALUES('03022','210','10062117')
INSERT INTO RegistrationFeature VALUES('03023','208','10062118')
INSERT INTO RegistrationFeature VALUES('03024','206','10062119')
INSERT INTO RegistrationFeature VALUES('03025','205','10062120')
INSERT INTO RegistrationFeature VALUES('03026','204','10062121')
INSERT INTO RegistrationFeature VALUES('03027','207','10062122')
INSERT INTO RegistrationFeature VALUES('03028','207','10062123')
INSERT INTO RegistrationFeature VALUES('03029','203','10062124')
INSERT INTO RegistrationFeature VALUES('03030','202','10062125')
INSERT INTO RegistrationFeature VALUES('03031','202','10062126')
INSERT INTO RegistrationFeature VALUES('03032','207','10062126')
INSERT INTO RegistrationFeature VALUES('03033','208','10062126')
INSERT INTO RegistrationFeature VALUES('03034','201','10062127')
INSERT INTO RegistrationFeature VALUES('03035','202','10062127')
INSERT INTO RegistrationFeature VALUES('03036','203','10062127')
INSERT INTO RegistrationFeature VALUES('03037','204','10062127')
INSERT INTO RegistrationFeature VALUES('03038','205','10062127')
INSERT INTO RegistrationFeature VALUES('03039','206','10062127')
INSERT INTO RegistrationFeature VALUES('03040','207','10062127')
INSERT INTO RegistrationFeature VALUES('03041','208','10062127')
INSERT INTO RegistrationFeature VALUES('03042','209','10062127')
INSERT INTO RegistrationFeature VALUES('03043','210','10062127')
INSERT INTO RegistrationFeature VALUES('03044','206','10062128')
INSERT INTO RegistrationFeature VALUES('03045','205','10062129')
INSERT INTO RegistrationFeature VALUES('03046','210','10062135')
INSERT INTO RegistrationFeature VALUES('03047','210','10062136')
INSERT INTO RegistrationFeature VALUES('03048','201','10062137')
INSERT INTO RegistrationFeature VALUES('03049','207','10062138')
INSERT INTO RegistrationFeature VALUES('03050','210','10062139')
INSERT INTO RegistrationFeature VALUES('03051','205','10062139')
INSERT INTO RegistrationFeature VALUES('03052','209','10062139')
INSERT INTO RegistrationFeature VALUES('03053','201','10062140')
INSERT INTO RegistrationFeature VALUES('03054','202','10062140')
INSERT INTO RegistrationFeature VALUES('03055','205','10062140')
INSERT INTO RegistrationFeature VALUES('03056','201','10062141')
INSERT INTO RegistrationFeature VALUES('03057','202','10062141')
INSERT INTO RegistrationFeature VALUES('03058','206','10062141')
INSERT INTO RegistrationFeature VALUES('03059','204','10062142')
INSERT INTO RegistrationFeature VALUES('03060','201','10062142')
INSERT INTO RegistrationFeature VALUES('03061','207','10062143')
INSERT INTO RegistrationFeature VALUES('03062','204','10062144')
INSERT INTO RegistrationFeature VALUES('03063','208','10062145')
INSERT INTO RegistrationFeature VALUES('03064','207','10062146')
INSERT INTO RegistrationFeature VALUES('03065','203','10062147')
INSERT INTO RegistrationFeature VALUES('03066','201','10062148')
INSERT INTO RegistrationFeature VALUES('03067','206','10062149')
INSERT INTO RegistrationFeature VALUES('03068','205','10062150')
INSERT INTO RegistrationFeature VALUES('03069','201','10062151')
INSERT INTO RegistrationFeature VALUES('03070','209','10062152')
INSERT INTO RegistrationFeature VALUES('03071','203','10062153')
INSERT INTO RegistrationFeature VALUES('03072','210','10062154')
INSERT INTO RegistrationFeature VALUES('03073','208','10062155')
INSERT INTO RegistrationFeature VALUES('03074','208','10062156')
INSERT INTO RegistrationFeature VALUES('03075','207','10062157')
INSERT INTO RegistrationFeature VALUES('03076','205','10062158')
INSERT INTO RegistrationFeature VALUES('03077','210','10062159')
INSERT INTO RegistrationFeature VALUES('03078','210','10062160')
INSERT INTO RegistrationFeature VALUES('03079','201','10062161')
INSERT INTO RegistrationFeature VALUES('03080','201','10062162')
INSERT INTO RegistrationFeature VALUES('03081','205','10062163')
INSERT INTO RegistrationFeature VALUES('03082','207','10062163')
INSERT INTO RegistrationFeature VALUES('03083','202','10062164')
INSERT INTO RegistrationFeature VALUES('03084','210','10062164')
INSERT INTO RegistrationFeature VALUES('03085','203','10062165')
INSERT INTO RegistrationFeature VALUES('03086','201','10062166')
INSERT INTO RegistrationFeature VALUES('03087','209','10062167')
INSERT INTO RegistrationFeature VALUES('03088','205','10062168')
INSERT INTO RegistrationFeature VALUES('03089','201','10062169')
INSERT INTO RegistrationFeature VALUES('03090','206','10062170')
INSERT INTO RegistrationFeature VALUES('03091','208','10062171')
INSERT INTO RegistrationFeature VALUES('03092','204','10062172')
INSERT INTO RegistrationFeature VALUES('03093','201','10062172')
INSERT INTO RegistrationFeature VALUES('03094','204','10062173')
INSERT INTO RegistrationFeature VALUES('03095','201','10062174')
INSERT INTO RegistrationFeature VALUES('03096','202','10062174')
INSERT INTO RegistrationFeature VALUES('03097','209','10062174')
INSERT INTO RegistrationFeature VALUES('03098','201','10062175')
INSERT INTO RegistrationFeature VALUES('03099','203','10062176')
INSERT INTO RegistrationFeature VALUES('03100','204','10062177')
INSERT INTO RegistrationFeature VALUES('03101','208','10062178')